slug,name,showBooking
21-barber,"21 BARBER",false
29-market-place-barber-and-shop,"29 Market Place Barber & Shop",false
4-guys-barbers,"4 guys barbers",false
4k-barber,"4k barber",false
4tw-4the-weekend-barbershop,"4TW 4The Weekend Barbershop",false
5-star-barbers,"5 Star Barbers",false
a-star-barbers,"A Star Barbers",false
a-star-barbers-shrewsbury,"A Star Barbers",false
aa-star-barbers,"AA Star Barbers",false
aabids-professional-cuts,"Aabid's Professional Cuts",false
aafee-barbers-ltd,"aafee barbers ltd",false
aandb-barbers,"A&B Barbers",false
aandm-barber,"A&M barber",false
aandm-turkish-barber-club,"A&M Turkish Barber club",false
aarons-barbers,"Aaron's Barbers",false
abbey-unisex-salon,"Abbey Unisex salon.",false
abdullah-barber-shop,"ABDULLAH BARBER SHOP",false
ace-barber-club,"Ace Barber club",false
ace-of-fades,"ACE OF FADES",false
ace-of-fades-bradford,"Ace Of Fades Bradford",false
ace-of-fadez,"Ace of Fadez",false
adam-barber,"Adam Barber",false
adam-barber-chaddesden,"ADAM BARBER Chaddesden",false
adam-barbers,"Adam Barbers",false
adams-cut-barber-shop,"Adams Cut Barber Shop",false
ads-barbers,"AD's barbers",false
adszy-barberz,"ADSZY BARBERZ",false
ahmed-barbers,"Ahmed Barbers",false
aj-barber,"AJ Barber",false
ako-barber,"Ako Barber",false
alan-cutz,"ALAN CUTZ",false
alans-barber-shop,"Alan's Barber Shop",false
alans-barbers,"Alan's Barber's",false
alans-cut,"Alan’s Cut",false
alermann-grooming-and-pet-supplies,"Alermann Grooming and Pet Supplies",false
alesi-studios-premium-image,"ALESI STUDIOS - Premium Image",false
alex-barbers,"Alex Barbers",false
alex-barbers-sunderland,"Alex Barbers - Sunderland",false
alex-hair-design,"Alex Hair Design",false
alexandresbarb,"Alexandresbarb",false
alfies-barbershop,"Alfies Barbershop",false
ali-barbers,"ALI BARBERS",false
ali-barbershop,"Ali Barbershop",false
alis-barber-shop,"Alis Barber Shop",false
alis-barbers,"Ali's Barbers",false
alis-super-cut,"ALis Super Cut",false
all-nations-barbers-shop,"All Nations Barbers Shop",false
allan-supercut-ltd,"Allan SuperCut LTD",false
allesley-barber-ltd,"Allesley barber LTD",false
allstar-barberz,"Allstar Barberz",false
amad-barber,"Amad barber",false
amines-cut,"Amine’s cut",false
amington-barbers,"Amington Barbers",false
amins-barbers-club,"Amin's Barbers Club",false
amirs,"Amir's",false
andrew-s-barbers,"Andrew's Barbers",false
angel-barber-shop,"Angel Barber Shop",false
anis-barbers,"Anis barbers",false
antalya-barber,"Antalya barber",false
antalya-barber-burton-on-trent,"ANTALYA BARBER",false
antalya-barber-cannock,"Antalya barber cannock",false
antalya-barbers,"Antalya Barbers",false
antalya-magic-cuts,"Antalya Magic Cuts",false
antonio-barber-shop-by-mike,"Antonio Barber Shop by Mike",false
anystyle-barbers,"Anystyle Barbers",false
apos-barbershop,"APO’S BARBERSHOP",false
ar-tarn-barbers,"Ar Tarn Barbers",false
aram-barber,"Aram barber",false
aramos-barbers,"Aramo's Barbers",false
ardos-barbers,"Ardo’s Barbers",false
arkham-barbers,"Arkham Barbers",false
aro-barber,"Aro Barber",false
aron-barber,"aron barber",false
arons-barber-shop,"Aron’s Barber Shop",false
aros-barber-shop-ltd,"Aro’s barber shop ltd",false
artisan-barber-hinckley,"Artisan Barber - Hinckley",false
aryaans-barbers,"Aryaan's Barbers",false
as-barber,"A's Barber",false
as-fade-barbers,"AS FADE BARBERS",false
ash-barbers,"Ash Barbers",false
ashs-hair-lounge,"Ash’s Hair Lounge",false
ax-cuts-a1,"AX Cuts A1",false
azad-cutz,"Azad Cutz",false
azadi-barber-lounge,"Azadi Barber Lounge",false
b-and-a-barbers,"B & A BARBERS",false
b-cutz-barbershop,"B cutz barbershop",false
b5000-barbers,"B5000 Barbers",false
baban-barbers,"Baban Barbers",false
babylon-barbers-haircut,"Babylon Barbers haircut",false
bache-barbers,"Bache Barbers",false
balby-top-cutz,"Balby Top Cutz",false
baldwin-and-co,"Baldwin & Co.",false
bamford-barbers,"Bamford Barbers",false
bandido-barbers-oldham,"Bandido Barbers Oldham",false
barans-barber-s42,"Baran’s Barber S42",false
barber,"BARBER",false
barber-4-u,"Barber 4 U",false
barber-93,"Barber 93",false
barber-barber,"Barber Barber",false
barber-bros,"Barber Bro's",false
barber-chop,"Barber Chop",false
barber-club,"Barber Club",false
barber-hood,"BARBER HOOD",false
barber-house,"Barber House",false
barber-king,"Barber King",false
barber-king-ovenden,"Barber King ovenden",false
barber-nine,"Barber Nine",false
barber-omar,"BARBER OMAR",false
barber-pro,"Barber-Pro",false
barber-st-tamworth,"BARBER ST. Tamworth",false
barber-stop,"Barber Stop",false
barber-time,"Barber Time",false
barberesso-ldn,"Barberesso.ldn",false
barberhood,"BARBERHOOD",false
barberkingz-nw2,"BARBERKINGZ NW2",false
barberlandsunderland,"Barberlandsunderland",false
barbershop,"Barbershop",false
barbershop-by-giovanni,"Barbershop By Giovanni",false
barbershop-by-salvatore,"Barbershop by Salvatore",false
barnets-barbers-scartho,"Barnets Barbers Scartho",false
barnsley-barbers,"Barnsley Barbers",false
barrow-golden-barber,"Barrow golden barber",false
base-barber-shop,"Base Barber Shop",false
baxters-barbers,"Baxter’s Barbers",false
baz-barber,"BAZ barber",false
bazz-barber,"Bazz Barber",false
bazz-barber-2,"Bazz Barber #2",false
bbz-barbers-and-tanning,"BB'z Barbers & Tanning",false
bell-green-barber,"Bell Green Barber",false
bella-barba-co,"Bella Barba Co",false
bennys-hair-studio,"BENNY’S HAIR STUDIO",false
bernies-barbers,"Bernie's Barbers",false
best-barber,"BEST BARBER",false
best-barber-nottingham,"BEST BARBER",false
best-cut-barber,"Best cut barber",false
best-cuts,"Best cuts",false
best-cutz,"Best Cutz",false
best-cutz-turkish-barber,"Best Cutz Turkish Barber",false
best-one-barber,"Best One Barber",false
best-trim,"Best Trim",false
bewdley-rd-barbers,"Bewdley Rd Barbers",false
bey-barbers2,"Bey Barbers2",false
biggys-barbers,"Biggy's Barbers",false
billy-s-barber,"BILLY'S BARBER",false
billys-barbers,"Billy’s Barbers",false
black-country-barbershop-ltd-wednesbury,"Black Country Barbershop Ltd Wednesbury",false
black-label-barbering-co,"Black Label Barbering Co",false
blackbird-barbers-primrose-hill,"Blackbird Barbers - Primrose Hill",false
blades-barbers,"Blades Barbers",false
blades-barbers-burton-on-trent,"Blades Barbers",false
bladez-barber,"Bladez Barber",false
bladez-barber-shop,"Bladez (Barber Shop)",false
bladez-barber-wigan,"Blade'z Barber",false
bladez-barbers,"Bladez Barbers",false
bladez-mens-barber,"Bladez men’s barber",false
blue-suede-barbers,"Blue Suede Barbers",false
bobbys-barbers,"Bobby's Barbers",false
bodrum-barber-shop,"Bodrum Barber Shop",false
bogaty-barber-best-barbershop,"Bogaty Barber - Best Barbershop",false
boho-barber-co,"Boho Barber Co",false
boldmere-barbers,"Boldmere Barbers",false
boss-barber,"Boss Barber",false
boss-cut,"BOSS CUT",false
boyce-barbers,"Boyce Barbers",false
boys-line,"Boys Line",false
boys2men-traditional-barbers,"Boys2Men Traditional Barbers",false
brazuca-1-gentry-grooming,"Brazuca 1 Gentry Grooming",false
brazuca-5-gentry-grooming,"Brazuca 5 Gentry Grooming",false
brigg-barber,"Brigg barber",false
broadway-barbers,"Broadway Barbers",false
brookfield-cuts,"Brookfield Cuts",false
brooklyn-barber,"Brooklyn Barber",false
brothers-barber-shop,"Brothers barber shop",false
brunos-barbers,"Brunos Barbers",false
bs1-barbershop,"BS1 BarberShop",false
buddys-barber-burton,"Buddy's Barber Burton",false
bull-farm-barber,"Bull farm barber",false
butera-luisa,"Butera Luisa",false
buzz-barbers-shop,"BUZZ BARBERS Shop",false
bx-barber-bromley-cross,"BX Barber Bromley Cross",false
ca1-barber-shop,"CA1 Barber Shop",false
camran-barbers,"Camran Barbers",false
cams-cuts,"Cams Cuts",false
capellos,"Capello's",false
captain-jack-s-barbershop,"Captain Jack's Barbershop",false
castle-barber-shop-lincoln,"Castle Barber Shop Lincoln",false
cavalier-cuts,"Cavalier Cuts",false
chakos-barber,"CHAKO’S BARBER",false
champ-barber,"Champ Barber",false
chaplins-barbers,"Chaplins Barbers",false
chaps-barbers,"CHAPS BARBERS",false
charlie-chops-barbershop,"Charlie Chops Barbershop",false
charlie-parkers-cut-throat-and-coffee,"Charlie Parker’s Cut Throat & Coffee",false
chase-barbers,"Chase Barbers",false
chasetown-barbers,"Chasetown Barbers",false
cheshire-barber,"Cheshire Barber",false
chesters-barber-shop,"Chesters Barber Shop",false
chezzy-barbers,"Chezzy barbers",false
chicos-hair-design,"Chicos Hair Design",false
chop-it-like-its-hot,"CHOP IT LIKE IT’S HOT",false
chop-shop-barbers,"Chop Shop Barbers",false
chop-shop-barbers-dudley,"Chop Shop Barbers",false
chris-barber-shop,"Chris Barber Shop",false
chris-king-barber-shop,"Chris King Barber Shop",false
city-barber,"City barber",false
city-barber-lincoln,"City Barber",false
city-barbers,"city barbers",false
city-cuts,"City Cuts",false
city-cuts-barbers,"City Cuts Barbers",false
citybarbers,"CityBarbers",false
class-cuts-barber,"Class Cuts Barber",false
class-cuts-barbers,"Class Cuts Barbers",false
class-fade,"Class Fade",false
class-style,"Class Style",false
classic-barber,"Classic Barber",false
classic-barber-saint-helens,"Classic Barber",false
classic-barbers,"Classic barbers",false
classic-fades,"Classic Fades",false
clee-fade,"Clee fade",false
clipperz-and-fadez,"Clipperz & Fadez",false
contrast,"Contrast",false
cool-cuts-turkish-barber-shop,"Cool cut's Turkish barber shop",false
cooper-barber,"Cooper barber",false
corby-barber,"Corby Barber",false
covcuts-barbers,"CovCuts Barbers",false
cr7-barber-shop,"CR7 BARBER SHOP",false
crewcuts,"crewcuts",false
crown-barber,"Crown Barber",false
crown-barber-shop,"Crown Barber Shop",false
crown-barbers-club,"CROWN BARBERS CLUB",false
crown-cuts,"CROWN CUTS",false
culture-2-barbers,"Culture 2 Barbers",false
cut-above,"Cut Above",false
cut-above-barbers,"Cut Above Barbers",false
cut-and-fade-barber,"Cut and Fade barber",false
cut-fellaz-barber-club,"Cut Fellaz Barber Club",false
cuts-and-fades,"Cuts & Fades",false
cuts-crew,"Cuts Crew",false
cutting-crew,"Cutting Crew",false
cutting-crew-stockport,"Cutting Crew",false
cutting-it,"Cutting It",false
cutting-lounge-barbershop,"Cutting Lounge Barbershop",false
cutz,"Cutz",false
cutz-4-men,"Cutz 4 men",false
d1-barber,"D1 Barber",false
dads-and-lads,"Dads & Lads",false
dads-n-lads-family-barbers,"Dads N Lads Family Barbers",false
dana-barber-turkish-style,"Dana barber turkish style",false
danda-barber-shop,"D&A Barber Shop",false
dandb-studio-cuts,"D&B Studio cuts",false
dandm-barber,"D&M barber",false
dani-barber,"Dani Barber",false
dani-kutz,"Dani Kutz",false
daniels-barbers,"Daniel's Barbers",false
dannys-barber,"DANNY'S BARBER",false
dannys-cuts,"Danny's Cuts",false
dany-barber,"Dany Barber",false
danyals-barbers,"Danyal's Barbers",false
dapper-and-boss-barbers,"Dapper & Boss Barbers",false
dapper-doodles-dog-grooming,"Dapper Doodles Dog Grooming",false
dark-faders-barbershop,"Dark Faders Barbershop",false
darlo-barber-limited,"Darlo Barber Limited",false
darwins-barbers,"Darwin's Barbers",false
daryan-barber,"Daryan Barber",false
davenport-barbers,"Davenport barbers",false
davo-turkish-hair-style,"Davo turkish hair style",false
de-novo-barbershop,"De Novo Barbershop",false
de1-cutz,"DE1 CUTZ",false
deans-barber-shop-dean-winstanley-est-2008,"Deans Barber Shop [Dean Winstanley] est.2008",false
deluxe-barbers-walk-ins-only,"Deluxe Barbers walk ins only",false
demon-barbers-2,"Demon barber's 2",false
deniz-barber,"Deniz Barber",false
dennys,"Denny's",false
dexters-ilkley,"Dexters Ilkley",false
diamond-cutz,"Diamond Cutz",false
diamond-scissors,"Diamond Scissors",false
distinguished-barbers,"Distinguished Barbers",false
don-one-barbers,"Don One Barbers",false
dream-barbers,"Dream Barbers",false
dudley-turkish-barbers,"Dudley Turkish Barbers",false
duhok-barber,"Duhok barber",false
duke-hare,"Duke Hare",false
dy5-cuts,"DY5 CUTS",false
east-finchley-barbers,"East Finchley Barbers",false
east-leake-barber,"East Leake Barber",false
ebeneezers-barbers,"Ebeneezers barbers",false
ebo-barber,"EBo barber",false
edgely-barber,"Edgely barber",false
eds-barbers,"Ed’s Barbers",false
edwinstowe-barber-shop,"EDWINSTOWE BARBER SHOP",false
elms-barbers,"Elms Barbers",false
empire-cuts-barbershop-and-tanning,"Empire Cuts Barbershop and Tanning",false
enjoy-barbering-co,"Enjoy Barbering Co.",false
erols-barbers,"Erol's Barbers",false
et-duke-barbers,"ET Duke Barbers",false
evolution-modern-grooming,"Evolution • Modern • Grooming",false
excellent-cut-barbers-earlswood,"Excellent Cut Barbers Earlswood",false
exclusive-cutz,"Exclusive Cutz",false
f6-barbershop,"F6 Barbershop",false
fade-and-style-barber-shop,"Fade And Style Barber Shop",false
fade-barbers,"FADE BARBERS",false
fade-empire-kurdish-barber,"Fade Empire Kurdish Barber",false
fade-house,"Fade house",false
fade-master-barber,"Fade master barber",false
fade-n-blade,"Fade N Blade",false
fade-station,"Fade Station",false
fade-zone-barber,"Fade zone barber",false
fade-zone-barbers,"Fade Zone Barbers",false
fadeandblade,"Fade&blade",false
fadeaway-barbers,"Fadeaway barbers",false
faded,"FADED",false
faded-barber-shop,"FADED BARBER SHOP",false
faded-coventry,"Faded",false
fadekingdom,"Fadekingdom",false
fades-and-shades,"Fades & Shades",false
fades-barber-shop-and-sunbeds,"Fades barber shop and sunbeds",false
fades2reality,"Fades2Reality",false
fadez,"Fadez",false
fadez-barbers,"Fadez Barbers",false
fama-barber,"FAMA BARBER",false
faz-barbers,"Faz Barbers",false
fdz-barber-shop-skin-fade-beard-trims-afro-hair-classic-scissor-cut-kids-haircut-hot-towel-shave,"FDZ BARBER SHOP - SKIN FADE - BEARD TRIMS - AFRO HAIR - CLASSIC SCISSOR CUT - KIDS HAIRCUT - HOT TOWEL SHAVE",false
fellas-and-kings,"Fellas & Kings",false
fennel-street-barbers,"Fennel Street Barbers",false
fh-barbers-netherton-ltd,"Fh Barbers Netherton Ltd",false
fh3-barbers-limited,"Fh3 Barbers Limited",false
fh5-barbers,"Fh5 Barbers",false
figaro-unisex-salon,"Figaro Unisex Salon",false
figaros-gents-barbers,"Figaros Gents Barbers",false
five-star-barbers,"Five Star Barbers",false
fletcher-clarke-and-co-barber-shop,"Fletcher Clarke & Co Barber Shop",false
flex,"Flex",false
forever-barber-shop-hair-salon,"Forever Barber Shop hair salon",false
fresh-cut,"FRESH CUT",false
fresh-cuts,"Fresh Cuts",false
fresh-cuts-dudley,"Fresh cuts",false
fufus-cut,"Fufus Cut",false
g-2-barbers,"G 2 Barbers",false
g-barbers,"“G” Barbers",false
gabs-hair-room,"Gab’s hair room",false
gaffers-barbering,"Gaffers Barbering",false
gareth-barlow,"Gareth Barlow",false
garswood-barber-shop,"Garswood Barber shop",false
gasha-style-barber,"GASHA STYLE BARBER",false
gavin-s-barber-shop,"Gavin's Barber Shop",false
gazs-cuts,"Gaz's Cuts",false
gazza-s-chop-shop-gents-barbering,"Gazza's Chop Shop gents barbering",false
geezers-barber-shop,"Geezers Barber Shop",false
genius-barbers-alwoodley,"Genius Barbers Alwoodley",false
gentex-barbers,"Gentex Barbers",false
gentlemans-fade-barberstm-aldgate-east,"Gentlemans Fade Barbers™️ | Aldgate East",false
gentlemens-barber-shop,"Gentlemen’s Barber Shop",false
gents-barber,"Gents Barber",false
gents-barber-bedworth,"Gent's Barber",false
gents-barbers-club,"Gents Barbers Club",false
gentz-barbers,"GentZ Barbers",false
ginos-barber,"Gino's barber",false
gio-s-barbers-royston,"Gio's Barbers - Royston",false
glance-barber,"Glance Barber",false
glaris-barber-shop,"Glaris Barber Shop",false
glascote-barber,"Glascote barber",false
glory-barber,"Glory Barber",false
gold-cut,"GOLD CUT",false
gold-cut-rotherham,"GOLD CUT",false
gold-cut-rotherham-2,"GOLD CUT",false
gold-cut-rotherham-3,"GOLD CUT",false
golden-blades-barber,"Golden Blades Barber",false
golden-cuts,"Golden Cuts",false
golden-scissors,"Golden Scissors",false
golden-scissors-barber,"Golden scissors barber",false
golden-scissors-barber-shop,"Golden Scissors Barber Shop",false
golden-scissors-traditional-turkish-barber,"Golden Scissors Traditional Turkish Barber",false
golden-scissors-wallington,"Golden Scissors",false
golden-scissors-waltham,"GOLDEN SCISSORS WALTHAM",false
golden-scissors-weldon-park,"Golden Scissors - Weldon Park",false
golden-touch,"Golden Touch",false
golden-touch-barber,"Golden Touch Barber",false
golden-turkish-barbers,"Golden Turkish barbers",false
goldencuts,"Goldencuts",false
good-fellows-barber-shop,"Good Fellows Barber Shop",false
good-fellows-barbershop,"Good Fellow's Barbershop",false
gorans-barber-shop,"Goran's Barber Shop",false
grade-1,"Grade 1",false
grand-barbershop,"Grand barbershop",false
great-cutz,"Great Cutz",false
great-northampton-barbers,"Great Northampton Barbers",false
great-uk-barber,"GREAT UK BARBER",false
grizzly-felons,"Grizzly Felons",false
groomfellas,"GroomFellas",false
gs-barber-shop,"G’s Barber Shop",false
gs-barbers,"G's Barbers",false
gulabs-barber-shop,"Gulab’s barber shop",false
gully-barbers,"Gully Barbers",false
guys-and-dolls,"Guys & Dolls",false
h-haircuts,"H Haircuts",false
h-k-barber,"H.K Barber",false
h-r-barber-shop,"H.R BARBER SHOP",false
haas-brothers,"Haas Brothers",false
hair-by-kaka,"Hair by kaka",false
hair-by-wispers,"Hair by Wispers",false
hair-in-the-lane,"Hair In The Lane",false
hair-port,"Hair Port",false
hair-port-barber,"Hair port barber",false
hair-station,"Hair Station",false
hair-stop-central,"Hair Stop Central",false
hairitage-barbershop,"Hairitage barbershop",false
hairlounge,"HairLounge",false
hairtology-turkish-barbers,"Hairtology Turkish Barbers",false
hakan-barbers,"Hakan Barbers",false
halo,"Halo",false
halo-barber,"Halo Barber",false
hands-barber-shop,"H&S Barber Shop",false
handsome-barbers,"Handsome Barbers",false
harems-barbers-leicester,"Harem's Barbers Leicester",false
haron-barber,"HARON BARBER",false
harrys-hair-and-beauty,"Harrys hair and beauty",false
hassan-top-style-barber-shop,"Hassan top style barber shop",false
hathern-barber-shop,"Hathern Barber Shop",false
havas-fade,"Hava’s Fade",false
hazs,"Haz’s",false
hazs-cut,"Haz’s cut",false
hb-barber,"HB BARBER",false
hbarber,"Hbarber",false
hcutzzz-mobile-barber,"Hcutzzz mobile barber",false
hd-cutz-wigan,"HD Cutz Wigan",false
hd3-hair-cut-barber-shop,"HD3 Hair Cut barber shop",false
hd7-barber,"HD7 Barber",false
head-kandi-barbers,"Head Kandi Barbers",false
head-quarters,"Head Quarters",false
headline-barber,"Headline barber ️ ️ ️ ️ ️",false
headliners,"Headliners",false
headmasters-fitzrovia,"Headmasters Fitzrovia",false
headquarterz-barbers,"Headquarterz Barbers",false
heart-city-barber-shop,"Heart city barber shop",false
heath-barbers,"Heath barbers",false
hereford-barbers,"Hereford Barbers",false
hermanos-barbershop,"Hermanos barbershop",false
hero-style,"Hero style",false
hhandco-barbers,"HH&CO Barbers",false
hibiscus-barbers,"Hibiscus Barbers",false
high-street-barbers,"High Street Barbers",false
highgate-barbers,"Highgate Barbers",false
hightz-barbers,"Hightz Barbers",false
hinckley-barbers,"Hinckley Barbers",false
hiwa-barber,"Hiwa barber",false
hm-barbers,"HM Barbers",false
hodges-hair-barber-shop,"Hodges Hair - Barber Shop",false
hollins-barber,"Hollins barber",false
hollow-barbers,"Hollow barbers",false
holme-heads,"Holme Heads",false
honors-barber-lounge,"Honors barber lounge",false
hot-towel-barbers,"Hot Towel Barbers",false
hq-barbers,"Hq Barbers",false
hs-barberschool-shop,"H's Barberschool/shop",false
hull-barbers,"Hull barbers",false
huntsman-male-grooming-and-academy,"Huntsman Male Grooming & Academy",false
hussain-barbers,"Hussain Barbers",false
hustle-barbers,"Hustle Barbers",false
ibbo-barbers,"IBBO BARBERS",false
ibo-barber-shop,"IBO barber shop",false
ideal-hair-style,"Ideal Hair Style",false
idol-cuts-by-alis-barbers,"IDOL CUTS By Ali's barbers",false
iffy-fadez-barbers,"IFFY FADEZ BARBERS",false
infinityvipbarber,"InfinityVIPbarber",false
ipsley-barber,"Ipsley Barber",false
irfan-barbers,"Irfan Barbers",false
irfans-barber-shop,"Irfan's Barber Shop",false
istanbul-barber,"Istanbul barber",false
istanbul-barber-le,"Istanbul barber",false
istanbul-barber-monuntsorrel,"Istanbul barber 💈 monuntsorrel",false
istanbul-barber-shop,"ISTANBUL BARBER SHOP",false
istanbul-barber-studio,"Istanbul barber studio",false
istanbul-barbers,"ISTANBUL BARBERS",false
istanbul-barbers-in-blackburn,"Istanbul barbers in Blackburn ⭐️",false
istanbul-barbers-nuneaton,"Istanbul Barbers Nuneaton",false
istanbul-barbers-wakefield,"Istanbul barbers",false
istanbul-new-style-barber-shop-rochdale,"Istanbul New Style barber shop Rochdale",false
istanbul-turkish-barbers-taunton-just-walk-in,"Istanbul Turkish Barbers Taunton JUST WALK IN",false
iwade-village-barbers,"Iwade Village Barbers",false
izmir-barber-studio,"Izmir Barber Studio",false
izzys-turkish-barbers-haydock,"Izzys Turkish barbers Haydock",false
j-j-barbers,"J J Barbers",false
jacks-barbers,"Jack's Barbers",false
jacksons-for-hair,"Jacksons for Hair",false
jandk-barbershop,"J&K Barbershop",false
jands-barber,"J&S barber",false
jano-turkish-barber,"JANO Turkish Barber",false
jaynes-bridgtown-barbers,"Jayne's Bridgtöwn Barbers",false
jcs-barbershop,"Jcs barbershop",false
jfm-barber-shop,"JFM barber shop",false
jimmys-barber-shop,"Jimmy’s Barber Shop",false
jj-s-barber-shop-coventry,"JJ's Barber Shop Coventry",false
jj-s-turkish-barbers,"JJ's Turkish Barbers",false
jjs,"JJs",false
johnnys-new-image-barbers,"Johnny's New Image Barbers",false
jonnys-barbers,"Jonny's Barbers",false
js-barber-lounge,"J’s BARBER LOUNGE",false
js-barber-shop,"J's barber shop",false
judicoal-foxys-barbershop,"Judicoal @ Foxy’s Barbershop",false
just-jentz,"Just Jentz",false
k-cs-hair-studio,"K C's Hair Studio",false
k1-barber,"K1 BARBER",false
k1-barber-bolton,"K1 Barber",false
k1-golden-scissors,"K1 golden scissors",false
k1-golden-scissors-scunthorpe,"K1 Golden Scissors",false
k1-sharp-cut-barber,"K1 Sharp cut barber",false
kaders-barber-shop,"Kader’s Barber Shop",false
kashmiri-barbers,"Kashmírí Barbers",false
kath-s-barbers,"Kath's Barbers",false
katz-kutz,"Katz Kutz",false
kayz-kutz,"Kayz Kutz",false
kaz-barber-shop,"Kaz Barber Shop",false
kc-barbers,"KC Barbers",false
kd-barbers,"KD barbers",false
kd-barbers-derby,"KD barbers",false
kettering-haircuts,"Kettering Haircuts",false
kidderminster-dog-grooming,"Kidderminster Dog Grooming",false
kilty-cuts,"Kilty Cuts",false
kimanithebarber,"KimaniTheBarber",false
king-barber,"King barber",false
king-barber-shop,"King barber shop",false
king-barbers,"King Barbers",false
king-club-barbers-tipton,"King Club Barbers Tipton",false
king-cut,"KING CUT",false
kings-barber,"Kings Barber",false
kings-barber-mansfield-turkish-barber,"Kings barber Mansfield Turkish barber",false
kings-barber-oldham,"Kings Barber",false
kings-barber-rugby,"Kings Barber",false
kings-barber-shop,"King's Barber Shop",false
kings-barber-tamworth,"Kings Barber Tamworth",false
kings-barber-warrington,"Kings Barber",false
kings-barbers,"Kings Barbers",false
kings-barbers-burton-on-trent,"Kings barbers",false
kings-cuts,"Kings Cuts",false
kings-road-barbers,"Kings Road Barbers",false
kingz-cutz,"KINGZ CUTZ",false
kk-barbers,"KK Barbers",false
korsh-barbers,"KORSH BARBERS",false
koss-barbers,"Kos’s Barbers",false
kurd-barbers,"Kurd barbers",false
kurd-barbers-oldham,"Kurd barbers",false
kurd-cut,"KURD CUT",false
kurd-cut-barbershop,"KURD CUT barbershop",false
kurd-fade,"Kurd fade",false
kurd-fade-studio,"Kurd Fade Studio",false
kurdish-barber,"Kurdish barber",false
kurdish-barber-blackpool,"KURDISH BARBER",false
kurdish-barber-telford,"Kurdish barber",false
kurdish-hair-stylish,"Kurdish Hair Stylish",false
kurdish-magic-scissor,"Kurdish Magic Scissor",false
kurdishbarbers,"Kurdishbarbers",false
kurdistan-barber-uk,"Kurdistan Barber uk",false
kurds-cuts,"Kurds Cuts",false
kures-barbers,"Kures Barbers",false
kutting-edge,"Kutting edge",false
kutting-korner,"kutting korner",false
kutting-krew-barber-shop,"KUTTING KREW BARBER SHOP",false
la-styles,"La Styles",false
la-vida-gents-barber,"LA VIDA GENTS BARBER",false
lads-n-dads,"Lads N Dads",false
lala-barber,"LALA BARBER💈",false
lane-ends-barbers,"Lane Ends Barbers",false
lava-s-2,"Lava's 2",false
lavin-barber,"LAVIN barber",false
ldf-barber,"LDF BARBER",false
leamore-barbers-haircuts-and-shaves,"Leamore Barbers Haircuts & Shaves",false
legacy-barbers,"Legacy Barbers",false
legend-barber-rotherham,"Legend Barber (Rotherham)",false
legend-barbers,"Legend Barbers",false
legend-cuts,"Legend Cuts",false
legend-scissors,"Legend Scissors",false
legend-styles-barber-shop,"Legend Styles Barber Shop",false
leos-barbers,"Leo's Barbers",false
levre-beauty,"Levre Beauty",false
lichfield-street-barbers,"Lichfield Street Barbers",false
life-style-barbers,"LIFE STYLE BARBERS",false
little-istanbul-turkish-barber,"Little Istanbul Turkish barber",false
local-barber,"Local Barber",false
london-base-barbershop,"London Base Barbershop",false
london-gents-barber,"London Gents Barber",false
london-look-barber-shop,"London Look barber shop",false
look-sharp,"Look Sharp",false
loughborough-barber,"Loughborough Barber",false
loughborough-barber-barber-shop-corner-barber,"Loughborough Barber Barber shop CORNER BARBER",false
lupembas-barber,"LUPEMBA’S BARBER",false
m-a-s-barbers,"M.A.S Barbers",false
magic-cuts,"Magic Cuts",false
magic-scissor,"Magic scissor",false
magic-scissors,"Magic scissors",false
magic-scissors-traditional-turkish-barber,"Magic Scissors Traditional Turkish Barber",false
magic-scissors-walsall,"Magic Scissors",false
magical-barber,"Magical barber",false
magicuts,"Magicuts",false
malvern-barbers,"Malvern Barbers",false
man-at-the-top-barbers,"Man at the Top Barbers",false
man-fade-barber,"Man fade barber",false
mancave-gentlemans-grooming-wigan-lane,"Mancave Gentleman's Grooming (Wigan Lane)",false
maniac-barbers-worcester,"Maniac Barbers Worcester",false
manifesto-barbers,"Manifesto Barbers",false
manny-s-barber-shop,"Manny's Barber Shop",false
markoz-barbershop,"Markoz Barbershop",false
marmaris,"Marmaris",false
marmaris-babershop,"Marmaris Babershop",false
marmaris-barber,"Marmaris Barber",false
marmaris-barbers,"Marmaris Barbers",false
marmaris-barbers-blackburn,"Marmaris Barbers Blackburn",false
marmaris-turkish-barber,"Marmaris turkish barber",false
marmaris-turkish-barbers,"Marmaris turkish barbers",false
marrakech-barber,"Marrakech Barber",false
maskeen-barber-shop,"Maskeen Barber Shop",false
master-barbers,"Master Barbers",false
master-cut,"Master Cut",false
master-fade,"Master fade",false
masters-turkish-barber-shop,"Masters turkish barber shop",false
mawsley-barbers,"Mawsley barbers",false
max-cuts,"Max Cuts",false
mds-edge-barbers,"MD’s Edge Barbers",false
mellor-street-barbers,"Mellor Street barbers",false
men-at-work,"Men at Work",false
mens-empyre-ss-barbers,"MENS EMPYRE (Ss Barbers)",false
mens-lobby-gidlow-lane,"Men’s lobby Gidlow lane",false
mgh-barbers,"MGH Barbers",false
micks-barbers,"Mick's Barbers",false
micks-barbers-mickey-ps,"Micks Barbers - Mickey P's",false
mike-the-barber,"Mike the Barber",false
mike-the-barber-craft-studio,"Mike The Barber (CRAFT STUDIO)",false
milad-and-co-barber-shop,"Milad & Co Barber Shop",false
milan-barber,"Milan Barber",false
milano-barber-shop-bradford,"Milano Barber Shop Bradford",false
milano-barbershop-stockport,"Milano Barbershop Stockport",false
milano-styles-barbers,"Milano Styles Barbers",false
mill-lane-barbers,"Mill Lane Barbers",false
mina-barber,"Mina barber",false
mks-turkish-barbers,"MK’S TURKISH BARBERS",false
mmk-barbers,"MMK Barbers",false
mns-hair-cutz,"Mns Hair Cutz",false
mo-barber-club,"MO BARBER CLUB",false
mo-cuts,"Mo CUTS",false
moad-s-barbershop,"Moad's Barbershop",false
mode-hair-design,"Mode Hair Design",false
moor-cuts-cheadle-village,"Moor Cuts Cheadle Village",false
more-blessings-barber-shop,"More Blessings Barber Shop",false
mos-barber,"Mo’s Barber",false
mos-barber-club,"Mo's Barber Club",false
mos-barber-shop-preston,"Mo's Barber Shop Preston",false
mos-barbers,"Mo's Barbers",false
mos-barbers-stafford,"Mo’s Barbers",false
mosesdan-barbers,"MosesDan Barbers",false
mr-bs-barber-emporium,"Mr B's Barber Emporium",false
mr-fade-grooming,"MR FADE GROOMING",false
mr-mens-barbers,"Mr Men's Barbers",false
mr-stopps-the-barber,"Mr Stopps the Barber",false
mr-taper-barber,"Mr Taper Barber",false
ms-vip-cuts,"MS VIP CUTS",false
mug-and-brush-barbers,"MUG & BRUSH BARBERS",false
murats-place-barber-shop,"MURAT'S PLACE BARBER SHOP",false
muswell-hill-cuts-barbershop,"Muswell Hill Cuts Barbershop",false
muzaffar-barber,"Muzaffar Barber",false
my-barber,"My barber",false
mzori-barbers,"Mzori Barbers",false
nali-barbers,"NALI BARBERS",false
nandj-cutz,"N&J cutz",false
nands-barbers,"N&S Barbers",false
nas-barber-shop,"Nas Barber Shop",false
nasirs-barber,"Nasir's Barber",false
naturally-u,"Naturally.U",false
nawroz-barbershop,"Nawroz Barbershop",false
needwood-barbers,"Needwood barbers",false
nelis-barber-shop,"Neli’s Barber Shop",false
neos-turkish-barber,"Neo’s Turkish barber",false
new-blades-barber,"New Blades Barber",false
new-look-barber,"New Look Barber",false
new-look-barber-nuneaton,"New Look Barber",false
new-look-barbers,"New Look Barbers",false
new-look-barbers-blackburn-town-centre,"New Look Barbers Blackburn Town Centre",false
new-st-turkish-barbers,"New st Turkish barbers",false
new-style-barber,"New Style Barber",false
new-style-barber-rotherham,"New style Barber",false
new-style-barber-wigan,"New style barber Wigan",false
new-style-barbers,"New style barbers",false
new-style-barbers-burton-on-trent,"New style barbers",false
new-style-barbers-oldham,"New Style Barbers",false
newnham-station-barber,"Newnham Station Barber",false
newtouch-barber,"Newtouch barber",false
nick-hughes-barbering,"Nick Hughes Barbering",false
nidos-cutz,"Nido's Cutz",false
ninos,"Nino's",false
no-1-barber,"No.1 Barber",false
no-1-hairstyle-barber-shop,"No. 1 Hairstyle Barber Shop",false
no1-barbers-shop-george-st-walsall,"No1 Barbers Shop -George St, Walsall",false
nobel-barbers,"Nobel Barbers",false
noble-barbers,"Noble Barbers",false
norden-barber,"Norden barber",false
nuna-barber-bury,"Nuna Barber Bury",false
nwahtrims,"Nwahtrims",false
oaklands-barbers,"Oaklands barbers",false
oakley-s-barber-shop-and-smp,"Oakley's Barber Shop & SMP",false
oconnells-barber-shop,"O’Connell’s Barber Shop",false
ods-barbershop,"OD’s Barbershop",false
old-barber-shop,"Old Barber Shop",false
oldham-barbers,"Oldham Barbers",false
oliver-barber,"Oliver Barber",false
on-point-barbers,"On Point Barbers",false
one-4-one-barbershop,"One 4 One Barbershop",false
ottoman-barber-newhall,"Ottoman Barber Newhall",false
ottoman-barbers,"Ottoman Barbers",false
ouzs-barbers,"Ouz's Barbers",false
ozzy-s-barber,"Ozzy's Barber",false
ozzy-s-traditional-barbers,"Ozzy's Traditional Barbers",false
ozzys-barbershop,"Ozzys Barbershop",false
p-and-m-barber-club,"P & M Barber Club 💈 💇‍♂️",false
paris-hairs-grimsby,"Paris Hairs Grimsby",false
pasha-barbers,"Pasha Barbers",false
pasha-barbershop,"Pasha Barbershop",false
patel-and-co,"Patel & Co",true
paul-s-barber-shop-hornsea,"Paul's Barber Shop Hornsea",false
peel-and-adams,"Peel & Adams",false
penketh-barber,"Penketh barber",false
ph-barbers,"PH Barbers",false
pks-the-barber-shop,"Pk's The Barber Shop",false
poda-barbers,"Poda Barbers",false
polas-barbers,"Pola’s Barbers",false
polesworth-barbers,"Polesworth Barbers",false
posh-barbers,"Posh barbers",false
posh-pro-hair-and-beauty,"Posh Pro Hair and Beauty",false
poshe-nails-hair-and-beauty,"Poshe Nails, Hair & Beauty",false
power-cuts,"Power Cuts",false
precinct-styles,"Precinct Styles",false
prestige-barber,"Prestige barber",false
prince-cuts,"Prince Cuts",false
pro-kutz-the-hair-studio,"Pro Kutz The Hair Studio",false
procutz,"Procutz",false
professional-barbers,"Professional Barbers",false
q-fadez-barbers,"Q-FADEZ BARBERS",false
qc-studios,"QC studios",false
qf-barbers,"QF BARBERS",false
qs-fadez,"QS Fadez",false
qs-kutz-mens-barbers,"Q's Kutz Mens Barbers",false
queen-street-barbers,"Queen Street Barbers",false
quick-hairstyle,"Quick HairStyle",false
r1-barbers,"R1 Barbers",false
rainford-barbers,"Rainford Barbers",false
rainworth-barbers,"Rainworth Barbers",false
rami-barbers,"Rami Barbers",false
ramin-barbers,"RAMIN BARBERS",false
rams-barber,"Rams barber",false
rams-head-barbers,"Rams Head Barbers",false
ramys-barber,"Ramy’s Barber",false
randr-barbers,"R&R Barbers",false
ranya-vip-barber,"RANYA VIP BARBER",false
rayan-barber,"Rayan Barber",false
raymonds-barbershop,"Raymond's Barbershop",false
razor-barbar-shop,"Razor barbar shop",false
razor-barber,"Razor Barber",false
razor-cut,"Razor Cut",false
razor-cuts,"Razor Cuts",false
razor-cutz,"Razor Cutz",false
razor-edge-barbershop,"Razor Edge Barbershop",false
razor-king-barber,"Razor King Barber",false
razor-king-barber-northampton,"Razor King Barber Northampton",false
razor-king-barbers,"RAZOR KING BARBERS",false
razor-kingz,"Razor king'Z",false
razor-sharp-barbers-lounge,"Razor Sharp Barbers Lounge",false
razorback-barbershop,"Razorback Barbershop",false
rbs,"RB's",false
re-barber-shop,"Re Barber Shop",false
remix-barbershop,"Remix Barbershop",false
revolution-crew-barber,"Revolution Crew Barber",false
richards-barbers,"Richards barbers",false
rio-barber,"Rio Barber",false
robertos-style,"Roberto's Style",false
rockingham-barber-corby,"Rockingham Barber Corby",false
root-607-barber-shop,"Root 607 barber shop",false
rose-barber,"Rose barber",false
rose-galaxy-beauty-centre,"Rose Galaxy Beauty Centre",false
royal-barber,"Royal Barber",false
royal-barber-northampton,"Royal Barber",false
royal-barber-stockport,"Royal Barber",false
royal-barbers-mitcham,"Royal barbers-Mitcham",false
royal-fades,"Royal fades",false
royale-blades,"Royale Blades",false
royalty-barbers,"Royalty Barbers",false
rs-barber,"RS Barber",false
rush-barber-corton-wood-morrison,"Rush barber (Corton Wood, Morrison)",false
rxgue-studio,"Rxgue Studio",false
s-and-s-barbers,"S & S Barbers",false
s-f-barber,"S F BARBER",false
s-kurdish-barbers,"S. Kurdish Barbers",false
s-r-w-barber-shop,"S R W Barber Shop",false
sadik-barber-and-nutrition,"Sadik Barber & Nutrition",false
saifs-barber,"Saif's Barber",false
saleems-barbers,"Saleem's Barber’s",false
sals-barber-shop,"Sal's Barber Shop",false
salsa-hairdressers-london,"Salsa Hairdressers London",false
saltney-barber-shop,"Saltney Barber Shop",false
salvatore-barbers,"Salvatore Barbers",false
sam-barber,"Sam Barber",false
sam-cutz,"Sam cutz",false
sami-barber-shop,"Sami Barber Shop",false
sams-barber,"Sam’s Barber",false
sams-barber-shop,"Sam's Barber Shop",false
sams-barbers,"Sam’s Barbers",false
sams-barbers-huddersfield,"Sam's Barbers",false
sams-barbers-stockport,"SAM’S BARBERS",false
sands-barber,"S&S Barber",false
sandy-s-barbers,"Sandy's Barbers",false
sankeys-barber,"SANKEYS BARBER",false
scallywags-hair-studio,"Scallywags Hair Studio",false
scissor-cut-gents-barber-shop,"Scissor Cut Gents Barber Shop",false
scissor-hand,"Scissor Hand",false
scissor-trim-barber-shop,"Scissor Trim Barber Shop",false
scruples,"Scruples",false
semirz-cutz-barber-shop-nottingham,"Semir'z cutz Barber shop Nottingham",false
sha-barber,"Sha barber",false
sha-barber-nottingham,"SHA BARBER",false
shak-barbers,"Shak barbers",false
sham-cutz,"Sham cutz",false
sharp-and-flask-golborne-road,"SHARP & FLASK Golborne Road",false
sharp-and-flask-westbourne-park,"SHARP & FLASK Westbourne Park",false
sharps,"Sharp's",false
shaw-barbers,"Shaw barbers",false
shelbys-hair-design,"Shelby's hair design",false
shepshed-barbers,"Shepshed Barbers",false
shex-fade-barbers,"Shex Fade Barbers",false
shirley-town-barbers,"Shirley Town Barbers",false
shivs-barbershop,"Shiv’s barbershop",false
short-and-sharpe-barbers,"Short & Sharpe Barbers",false
shvan-cutz,"SHVAN CUTZ",false
sick-fade-barbers,"Sick Fade Barbers",false
sidfade-barbering,"Sidfade barbering",false
signature-barber,"Signature Barber",false
sileby-barbershop,"Sileby Barbershop",false
simones-italian-barbers,"Simone's Italian Barbers",false
sk-barber,"SK BARBER",false
sk-friends-barbers,"SK Friends Barbers",false
skills-barbers-middlesbrough,"Skills Barbers Middlesbrough",false
skinny-barber-shop,"Skinny Barber Shop",false
sky-barbers,"Sky barbers",false
sky-barbers-huddersfield,"Sky Barbers huddersfield",false
sleek-hair-cut,"Sleek Hair Cut",false
slick-kutz,"Slick Kutz",false
slicks,"Slicks",false
smart-barbershop,"Smart Barbershop",false
smart-cut,"Smart Cut",false
smart-cutz,"Smart cutz",false
smart-gents,"SMART GENTS",false
smart-touch-barber-leicester,"Smart Touch Barber Leicester",false
smooth-cutz,"Smooth cutz",false
snip-barbershop,"Snip Barbershop",false
snodland-barbers,"Snodland Barbers",false
sofia-s-gents-hair-design,"Sofia's Gents Hair Design",false
son-of-a-barber,"Son Of A Barber",false
sonnies-barber-shop,"Sonnies Barber Shop",false
sons-of-blades,"Sons of Blades",false
spotlight-barbers,"Spotlight barbers",false
square-barber,"SQUARE BARBER",false
st-barbers,"St Barbers",false
st-johns-barbers-coventry-by-ned,"St Johns barbers Coventry (by Ned)",false
st-peters-barbers,"St Peters Barbers",false
st4-grooming,"ST4 GROOMING",false
stafford-best-barbers,"Stafford best barbers",false
stafford-kurdish-barber,"Stafford Kurdish Barber",false
stans-barbers,"Stans Barbers",false
star-barber,"Star Barber",false
star-barber-shop,"Star Barber Shop",false
star-cutz,"Star Cutz",false
star-professional-hair-stylist,"Star Professional Hair Stylist",false
stars-barber-shop,"Stars Barber Shop",false
states-barbers,"States Barbers",false
steel-wolf-barber-club,"Steel Wolf Barber Club",false
stockport-barber,"Stockport barber",false
stoke-barber-shop,"Stoke Barber Shop",false
stuarts-barber-shop,"Stuart’s Barber Shop",false
studio-22-hitchin,"Studio 22 (Hitchin)",true
studio-51,"Studio 51",false
studio-96,"STUDIO 96",false
studio2-raw-imagebarbershop,"Studio2 - RAW:imagebarbershop",false
studley-barber,"Studley barber",false
style-barbers,"Style Barbers",false
style-counsel,"Style Counsel",false
style-cuts,"Style Cuts",false
style-empire,"Style Empire",false
subby-fades,"Subby Fades",false
suli-barber,"Suli barber",false
sultan-barbers,"Sultan barbers",false
super-cuts,"Super Cuts",false
super-fade-cut,"SUPER FADE CUT",false
supreme-hair-studio,"Supreme Hair Studio",false
sweeney-jos-barbershop,"Sweeney jo's barbershop",false
sweeney-todd-turkish-barber,"Sweeney Todd Turkish Barber",false
sweeneys-of-scartho-ltd,"Sweeney's of Scartho Ltd",false
t-fade-barbershop,"T fade barbershop",false
tailored-hair,"Tailored Hair",false
take-2-hair-and-beauty-sittingbourne,"Take 2 Hair & Beauty Sittingbourne",false
talking-heads,"Talking Heads",false
tayper-and-balla,"Tayper & Ballä",false
terry-s-barber-shop,"Terry's Barber Shop",false
terrys-gents,"Terry's Gents",false
thatchers-barber-shop,"Thatchers Barber shop",false
the-barber,"THE BARBER",false
the-barber-bar,"The Barber Bar",false
the-barber-catterick,"The Barber Catterick",false
the-barber-club,"The barber club",false
the-barber-co,"The Barber Co",false
the-barber-code,"The barber code",false
the-barber-collective,"The Barber Collective",false
the-barber-company,"The Barber Company",false
the-barber-house,"The Barber House",false
the-barber-house-stoke-on-trent,"The barber house",false
the-barber-house-wakefield,"THE BARBER HOUSE",false
the-barber-of-bosworth,"The Barber Of Bosworth",false
the-barber-richmond-catterick,"The Barber Richmond/Catterick",false
the-barber-shop,"The Barber Shop",false
the-barber-shop-atherstone,"The Barber Shop",false
the-barber-shop-bradford,"The Barber Shop",false
the-barber-shop-burton-on-trent,"The Barber Shop",false
the-barber-shop-bury-saint-edmunds,"The Barber Shop",false
the-barber-shop-cannock,"The Barber Shop",false
the-barber-shop-chesterfield,"The Barber Shop",false
the-barber-shop-harrogate,"The Barber Shop",false
the-barber-shop-mens-barbers-tamworth,"The Barber Shop, Men's Barbers Tamworth",false
the-barber-shop-oldham,"The Barber Shop",false
the-barber-shop-taunton,"The Barber Shop",false
the-barber-shop-tiverton,"The Barber Shop",false
the-barber-shoppe,"The Barber Shoppe",false
the-barbers-88-bramley,"The Barber's 88 Bramley",false
the-barbers-chair,"The Barber's Chair",false
the-barbers-club,"The Barbers club",false
the-barbers-shop,"The Barbers Shop",false
the-barbers-shop-rochdale,"The Barbers Shop",false
the-barbers-shop-saint-helens,"The Barber's Shop",false
the-barbershop-platt-bridge-wigan-est-1981,"The Barbershop (Platt Bridge, Wigan) Est.1981",false
the-beach-barber-bispham,"The Beach Barber. Bispham",false
the-beach-barber-highfield-rd,"THE BEACH BARBER. Highfield Rd",false
the-big-star-barbers,"The Big Star Barbers",false
the-cave-barber,"The Cave barber",false
the-cockney-rebel-barbering-co,"The Cockney Rebel Barbering Co",false
the-corner-barberz,"THE CORNER BARBERZ",false
the-cutting-edge,"The Cutting Edge",false
the-diamond-scissors,"The Diamond scissors",false
the-diamond-touch-barbers,"The diamond touch Barbers",false
the-dukes-the-art-of-barbering,"The Dukes (The Art Of Barbering)",false
the-fade-barber-shop,"The fade barber shop",false
the-fade-collective,"The Fade Collective",false
the-full-monty,"The Full Monty",false
the-gent-barbershop,"The GENT Barbershop",false
the-gentlemans-barbershop,"The Gentleman’s Barbershop",false
the-gentry-at-highgate,"The Gentry At Highgate",false
the-godbarber,"The Godbarber",false
the-gold-scissors,"The gold scissors",false
the-headmasters,"The Headmasters",false
the-icon-barber-116-ltd,"The icon barber 116 LTD",false
the-jolly-roger-barbershop,"The Jolly Roger Barbershop",false
the-kurdish-barbers,"The Kurdish barbers",false
the-locks-barbers,"The Locks Barbers",false
the-loft-barbershop,"The Loft Barbershop",false
the-mens-barbershop,"The Men's Barbershop",false
the-mens-room,"The Mens Room",false
the-mens-room-barber-shop-crewe,"The mens room barber shop crewe",false
the-noble-barbers,"The Noble Barbers",false
the-noble-fellas-barbershop,"The Noble Fellas Barbershop",false
the-ottoman-traditional-turkish-barber,"The Ottoman Traditional Turkish Barber",false
the-revolution,"The Revolution",false
the-strand,"The Strand",false
thomas-samson-hair-and-co,"Thomas Samson Hair & Co.",false
thurston-barbers,"Thurston barbers",false
tile-hill-barber-shop,"Tile hill barber shop",false
tiny-s-barbershop,"Tiny's Barbershop",false
tjs-barbers,"Tj's Barbers",false
tjs-barbers-stoke-on-trent,"Tj's Barbers",false
toddington-traditional-turkish-barbers,"Toddington Traditional Turkish Barbers",false
toni-and-tiger-barber-club,"Toni & Tiger Barber Club",false
tony-and-son-barbers,"Tony & Son Barbers",false
top-barber,"TOP BARBER",false
top-barber-shop,"Top Barber Shop",false
top-barbers,"Top Barbers",false
top-barbers-aldridge,"Top Barbers Aldridge",false
top-barbers-sutton-in-ashfield,"Top barbers",false
top-boyz-barbers,"Top boyz barbers",false
top-class-barbers,"Top class barbers",false
top-cut,"Top Cut",false
top-cut-barber,"TOP CUT BARBER",false
top-cut-barber-shop,"Top Cut Barber Shop",false
top-cut-barbers,"Top Cut barbers",false
top-cut-barbers-redditch,"Top Cut Barbers Redditch",false
top-cut-derby,"Top Cut",false
top-cut-hair,"Top Cut Hair",false
top-cut-rotherham,"Top Cut",false
top-cut-turkish-barber,"Top Cut Turkish Barber",false
top-cuts-barber,"Top Cuts Barber",false
top-cuts-barber-shop,"Top Cuts Barber Shop",false
top-cutz,"Top Cutz",false
top-cutz-barber,"Top Cutz Barber",false
top-cutz-barbers,"Top Cutz Barbers",false
top-cutz-derby,"TOP CUTZ",false
top-cutz-loughborough,"Top cutz",false
top-dog-barbershop,"Top Dog BarberShop",false
top-fade-barber,"Top Fade Barber",false
top-fade-barbers,"Top Fade Barbers",false
top-fadez-barbers,"Top Fadez Barbers",false
top-hat-barbers,"Top Hat Barbers",false
top-kurdish-barber,"Top kurdish barber",false
top-spot-hair,"Top Spot Hair",false
top-style-barber,"TOP STYLE BARBER",false
top-styles-barber-club,"Top Styles Barber club",false
top-trim-barbers,"Top Trim Barbers",false
top-turkish-barber,"TOP-TURKISH BARBER",false
topic,"Topic",false
topman-barber,"Topman barber",false
topman-barber-walsall-ws2-8ed,"Topman barber walsall WS2 8ED",false
town-barber-sedgley,"Town Barber Sedgley",false
town-barbers,"Town Barbers",false
towns-barbers,"Towns barbers",false
trend-hairstyle,"TREND HairStyle",false
trendy-haircut,"Trendy Haircut",false
trentham-barbers,"Trentham Barbers",false
trim-barbers,"TRIM BARBERS",false
trimz-and-fadez,"TRIMZ & FADEZ",false
trimz-barbers,"Trimz Barbers",false
trinis-barbershop,"Trinis barbershop",false
true-gents-barbers,"True gents barbers",false
true-gents-barbers-london,"True Gents Barbers",false
turk-sh-goodfellows-barbers,"Turkısh Goodfellows Barbers",false
turkish-and-meditarranean-barber,"Turkish & Meditarranean Barber",false
turkish-barber,"Turkish Barber",false
turkish-barber-blackburn,"Turkish Barber Blackburn",false
turkish-barber-burnley,"Turkish barBer burnley",false
turkish-barber-cannock,"Turkish barber",false
turkish-barber-corby,"Turkish Barber",false
turkish-barber-dunstable,"Turkish Barber Dunstable",false
turkish-barber-loughborough,"Turkish Barber",false
turkish-barber-saint-helens,"Turkish barber",false
turkish-fade-barbershop,"Turkish Fade Barbershop",false
turkish-golden-scissors,"TURKISH GOLDEN SCISSORS",false
turkish-hair-style,"Turkish hair style",false
turkish-king-razor,"Turkish King Razor",false
turkish-magic-scissors,"Turkish Magic Scissors",false
turkish-ozzy-barber,"TURKISH OZZY BARBER",false
turkish-razor-kings,"Turkish razor kings",false
turkish-scissors,"TURKISH-SCISSORS",false
turkish-style-barber,"Turkish style barber",false
turkish-style-barbers,"Turkish Style Barbers",false
turkish-style-hanley,"Turkish style Hanley",false
turton-barbers,"Turton barbers",false
twickers,"Twickers",false
two-brothers-barber-shop,"Two Brothers Barber Shop",false
tyler-s-of-baldock-barbershop,"Tyler's of Baldock barbershop",false
uk-cutz,"UK CUTZ",false
uk-fade-house-ltd,"Uk Fade house Ltd",false
ultra-barbers,"Ultra barbers",false
ultra-fade,"Ultra Fade",false
union-of-barbers,"Union Of Barbers",false
unique-barbers,"Unique Barbers",false
unit-22-barbers,"Unit 22 Barbers",false
universal-barber,"Universal Barber",false
upper-kuts-barbers,"Upper Kuts Barbers",false
uppercutz-east-hull,"UpperCutz East Hull",false
uppercutz-paragon-street,"Uppercutz Paragon Street",false
urban-barbers,"Urban Barbers",false
urban-hair-studio,"Urban Hair Studio",false
urban-styles,"Urban Styles",false
v10-barbers,"V10 barbers",false
v2-barbers,"V2 BARBERS",false
v2-barbershop,"V2 barbershop",false
v29-barbers,"V29 Barbers",false
vee-jays,"Vee Jays",false
velocity-barbershop,"Velocity Barbershop",false
venus-barbers,"Venus Barbers",false
venus-barbers-oldham,"VENUS BARBERS",false
vic-breeze-and-co,"Vic Breeze & Co",false
viking-barbers,"Viking barbers",false
vintage-barbers,"Vintage Barbers",false
vip-barber,"VIP Barber",false
vip-barber-shop,"VIP Barber Shop",false
vip-barbershop,"VIP Barbershop",false
vip-studio,"Vip Studio",false
vip-turkish-barber,"VIP Turkish Barber",false
wallington-barbers,"Wallington Barbers",false
wallwork-harry,"Wallwork Harry",false
walsall-barber,"Walsall Barber",false
wandy-s-barbers,"Wandy's Barbers",false
wavelength,"Wavelength",false
wellman-barbershop,"WELLMAN BARBERSHOP",false
west-end-barbers,"West end barbers",false
west-end-barbers-halifax,"West End Barbers",false
what-the-barber,"What the…!! Barber",false
wild-violet-hair,"Wild Violet Hair",false
wills-barbers,"Wills Barbers",false
wisdom-barbers,"Wisdom Barbers",false
woodhouse-collective,"Woodhouse Collective",false
worcester-barbers,"Worcester barbers",false
worcester-barbers-worcester-park,"Worcester Barbers",false
wyle-cop-barbers,"Wyle cop barbers",false
xtreme-cutz,"Xtreme CutZ",false
yads-barbers,"Yads barbers",false
yaeger-barbers,"Yaeger Barbers",false
yaz-studio-barber-park-royal,"Yaz Studio BARBER 📍PARK ROYAL",false
yes-men-barbers,"Yes Men Barbers",false
yogis-hair-studio,"yogi's hair studio",false
your-barber,"Your Barber",false
yousif-barber,"Yousif Barber",false
zacks-cutz,"Zack's Cutz",false
zaff-trimz,"Zaff Trimz",false
zaks,"Zaks",false
zan-classic-barber-nuneaton,"ZAN CLASSIC BARBER // Nuneaton",false
zee-hair-studio,"Zee Hair Studio",false
zudi-barber-club,"Zudi barber club",false
